Supervisor ID,Salesperson,Supervisor,Manager,Channel
101,NATHANIEL FORD,Diogo Carvalho,Gabriel Azevedo,Distributor
102,GARY JIMENEZ,Sofia Ribeiro,Gabriel Azevedo,Online
103,ALBERT PARDINI,Diego Araujo,Victor Castro,Retail
103,CHRISTOPHER CHONG,Diego Araujo,Victor Castro,Retail
101,PATRICK GARDNER,Diogo Carvalho,Gabriel Azevedo,Distributor
104,DAVID SULLIVAN,Emily Rocha,Victor Castro,Retail
104,ALSON LEE,Emily Rocha,Victor Castro,Retail
105,DAVID KUSHNER,Fernando Silva,Victor Castro,Retail
102,MICHAEL MORRIS,Sofia Ribeiro,Gabriel Azevedo,Online
102,JOANNE HAYES-WHITE,Sofia Ribeiro,Gabriel Azevedo,Online
101,ARTHUR KENNEY,Diogo Carvalho,Gabriel Azevedo,Distributor
104,PATRICIA JACKSON,Emily Rocha,Victor Castro,Retail
106,EDWARD HARRINGTON,Julio Lima,Rachel Ford,Distributor
107,JOHN MARTIN,Felipe Goncalves,Rachel Ford,Online
108,DAVID FRANKLIN,Carla Ferreira,Rachel Ford,Retail
109,RICHARD CORRIEA,Leonardo Cardoso,Rachel Ford,Retail
110,AMY HART,Gustavo Gomes,John Lee,Distributor
111,SEBASTIAN WONG,Isabella Sousa,John Lee,Retail
112,MARTY ROSS,Gustavo Barros,John Lee,Retail
106,JOSEPH DRISCOLL,Julio Lima,Gabriel Azevedo,Distributor
107,GREGORY SUHR,Felipe Goncalves,Victor Castro,Online
108,JOHN HANLEY,Carla Ferreira,Victor Castro,Retail
109,RAYMOND GUZMAN,Leonardo Cardoso,Gabriel Azevedo,Retail
110,DENISE SCHMITT,Gustavo Gomes,Victor Castro,Distributor
111,MONICA FIELDS,Isabella Sousa,Victor Castro,Retail
112,HARLAN KELLY-JR,Gustavo Barros,Victor Castro,Retail
106,SUSAN CURRIN,Julio Lima,Victor Castro,Distributor
107,JAMES BOSCH,Felipe Goncalves,Victor Castro,Online
108,JONES WONG,Carla Ferreira,Victor Castro,Retail
109,BRENDAN WARD,Leonardo Cardoso,Gabriel Azevedo,Retail
110,MICHAEL THOMPSON,Gustavo Gomes,Gabriel Azevedo,Distributor
111,THOMAS ABBOTT,Isabella Sousa,Gabriel Azevedo,Retail
112,THOMAS SIRAGUSA,Gustavo Barros,Victor Castro,Retail
101,JAMES DUDLEY,Diogo Carvalho,John Lee,Distributor
102,KEN YEE,Sofia Ribeiro,John Lee,Online
103,KIRK RICHARDSON,Diego Araujo,Tom ,Retail
103,BARBARA GARCIA,Diego Araujo,Tom ,Retail
101,MICHAEL ROLOVICH,Diogo Carvalho,Tom ,Distributor
104,DARRYL HUNTER,Emily Rocha,Tom ,Retail
104,RAY CRAWFORD,Emily Rocha,Gabriel Azevedo,Retail
105,KEVIN CASHMAN,Fernando Silva,Gabriel Azevedo,Retail
102,BENJAMIN ROSENFIELD,Sofia Ribeiro,Victor Castro,Online
102,MARK KEARNEY,Sofia Ribeiro,Victor Castro,Online
101,DOUGLAS RIBA,Diogo Carvalho,Gabriel Azevedo,Distributor
104,AI-KYUNG CHUNG,Emily Rocha,Victor Castro,Retail
106,KENNETH SMITH,Julio Lima,Victor Castro,Distributor
107,ANNA BROWN,Felipe Goncalves,Victor Castro,Online
108,JAMES FAZACKERLEY,Carla Ferreira,Gabriel Azevedo,Retail
109,CHARLES CRANE,Leonardo Cardoso,Gabriel Azevedo,Retail
110,GREGORY MAR,Gustavo Gomes,Victor Castro,Distributor
111,RICHARD PARRY,Isabella Sousa,Victor Castro,Retail
112,ROBERT POSTEL,Gustavo Barros,Gabriel Azevedo,Retail
106,LAWRENCE FREED,Julio Lima,Gabriel Azevedo,Distributor
107,MONIQUE MOYER,Felipe Goncalves,Victor Castro,Online
108,ANTONIO FLORES,Carla Ferreira,Rachel Ford,Retail
109,MARK GAMBLE,Leonardo Cardoso,Rachel Ford,Retail
110,KEVIN BURKE,Gustavo Gomes,Rachel Ford,Distributor
111,BERT REYES,Isabella Sousa,Rachel Ford,Retail
112,MICHAEL DELANE,Gustavo Barros,John Lee,Retail
106,JEFFREY MYERS,Julio Lima,Tom ,Distributor
107,JONATHAN BAXTER,Felipe Goncalves,Gabriel Azevedo,Online
108,MICHAEL BRYANT,Carla Ferreira,Gabriel Azevedo,Retail
109,KEVIN BARRY,Leonardo Cardoso,Victor Castro,Retail
110,EVETTE GEER-STEVENS,Gustavo Gomes,Victor Castro,Distributor
111,MARY TSE,Isabella Sousa,Gabriel Azevedo,Retail
112,MARK GONZALES,Gustavo Barros,Victor Castro,Retail
101,SARAH CARY,Diogo Carvalho,Victor Castro,Distributor
102,KEVIN SMITH,Sofia Ribeiro,Gabriel Azevedo,Online
103,GREGORY STANGLAND,Diego Araujo,Victor Castro,Retail
103,SONALI BOSE,Diego Araujo,Victor Castro,Retail
101,KEVIN TAYLOR,Diogo Carvalho,Victor Castro,Distributor
104,ERIKA HOO,Emily Rocha,Gabriel Azevedo,Retail
104,LAUIFI SEUMAALA,Emily Rocha,Gabriel Azevedo,Retail
105,EDWARD DENNIS,Fernando Silva,Gabriel Azevedo,Retail
102,PATRIC STEELE,Sofia Ribeiro,Victor Castro,Online
102,MICHAEL WALSH,Sofia Ribeiro,Rachel Ford,Online
101,SAMSON LAI,Diogo Carvalho,Rachel Ford,Distributor
104,GLORIA GARCIA ORME,Emily Rocha,Rachel Ford,Retail
106,ANA SAMPERA,Julio Lima,Rachel Ford,Distributor
107,SCOTT SCHOLZEN,Felipe Goncalves,John Lee,Online
108,MARK SMITH,Carla Ferreira,John Lee,Retail
109,C PETRUZZELLA,Leonardo Cardoso,John Lee,Retail
110,JOHN HALEY JR,Gustavo Gomes,Tom ,Distributor
111,NELA PONFERRADA,Isabella Sousa,Tom ,Retail
112,CHARLES SCOTT,Gustavo Barros,Tom ,Retail
106,MICHAEL CASTAGNOLA,Julio Lima,Gabriel Azevedo,Distributor
107,SHELLEY MITCHELL,Felipe Goncalves,Victor Castro,Online
108,SEAN BONETTI,Carla Ferreira,Victor Castro,Retail
109,SUSAN ILNICKI,Leonardo Cardoso,Victor Castro,Retail
110,TYRONNE JULIAN,Gustavo Gomes,Gabriel Azevedo,Distributor
111,SHARON FERRIGNO,Isabella Sousa,Gabriel Azevedo,Retail
112,SHANNON SAKOWSKI,Gustavo Barros,Victor Castro,Retail
106,JOHN RAHAIM,Julio Lima,Gabriel Azevedo,Distributor
107,WILLIAM ROUALDES,Felipe Goncalves,Gabriel Azevedo,Online
108,ZACHARY PUMPHREY,Carla Ferreira,Gabriel Azevedo,Retail
109,MARK CASTAGNOLA,Leonardo Cardoso,Victor Castro,Retail
110,NIKOLAS LEMOS,Gustavo Gomes,Rachel Ford,Distributor
111,MICHAEL CARLIN,Isabella Sousa,Rachel Ford,Retail
112,MARISA MORET,Gustavo Barros,Rachel Ford,Retail
101,SANDRA TONG,Diogo Carvalho,Tom ,Distributor
102,ANTHONY DUMONT,Sofia Ribeiro,Tom ,Online
103,THERESA DENTONI,Diego Araujo,Tom ,Retail
103,TIM AREJA,Diego Araujo,Gabriel Azevedo,Retail
101,SIU-KWAN CHOW,Diogo Carvalho,Gabriel Azevedo,Distributor
104,PATRICIA CARR,Emily Rocha,Victor Castro,Retail
104,RASMI CHAN,Emily Rocha,Victor Castro,Retail
105,MICHAEL KEARNEY,Fernando Silva,Gabriel Azevedo,Retail
102,MATTHEW MCNAUGHTON,Sofia Ribeiro,Victor Castro,Online
102,JOHN CAVANAUGH,Sofia Ribeiro,Victor Castro,Online
101,WHITNEY YEE,Diogo Carvalho,Victor Castro,Distributor
104,STEVEN MANNINA,Emily Rocha,Gabriel Azevedo,Retail
106,EDGAR CALLEJAS,Julio Lima,Gabriel Azevedo,Distributor
107,L MILITELLO,Felipe Goncalves,Victor Castro,Online
108,MICHAEL BIEL,Carla Ferreira,Victor Castro,Retail
109,DEBRA JOHNSON,Leonardo Cardoso,Gabriel Azevedo,Retail
110,HAROLD BYRD,Gustavo Gomes,Victor Castro,Distributor
111,KARL JURGENSON,Isabella Sousa,Victor Castro,Retail
112,JULIE LABONTE,Gustavo Barros,Victor Castro,Retail
106,AMPARO RODRIGUEZ,Julio Lima,Rachel Ford,Distributor
107,WILLIAM SCOTT,Felipe Goncalves,Rachel Ford,Online
108,GEORGE LYSENKO,Carla Ferreira,Rachel Ford,Retail
109,MICHAEL BROWNE,Leonardo Cardoso,John Lee,Retail
110,HARRY PINKARD,Gustavo Gomes,John Lee,Distributor
111,ALBERTO PEDRUCO,Isabella Sousa,John Lee,Retail
112,LAWRENCE LEE,Gustavo Barros,Tom ,Retail
106,DONALD BRYANT,Julio Lima,Victor Castro,Distributor
107,NATHAN HARDY,Felipe Goncalves,Victor Castro,Distributor
108,SUSAN BUCHBINDER,Carla Ferreira,Gabriel Azevedo,Online
109,KIRSTEN BARASH,Leonardo Cardoso,Victor Castro,Retail
110,DENNIS SUTTER,Gustavo Gomes,Victor Castro,Retail
111,JOHN BROWN,Isabella Sousa,Victor Castro,Distributor
112,KATHRYN BALLOU,Gustavo Barros,Gabriel Azevedo,Retail
101,DARCY KELLER,Diogo Carvalho,Victor Castro,Retail
102,SAMUEL ROMERO,Sofia Ribeiro,Victor Castro,Distributor
103,ALEXANDER CHEN,Diego Araujo,Gabriel Azevedo,Online
103,OLLIE BANKS,Diego Araujo,Gabriel Azevedo,Retail
101,BURK DELVENTHAL,Diogo Carvalho,Gabriel Azevedo,Retail
104,THOMAS HARVEY,Emily Rocha,Victor Castro,Distributor
104,MARTIN BELTRAN,Emily Rocha,Rachel Ford,Distributor
